https://www.poorvika.com/,TV & Audio,Bluetooth Speakers,Marshall,,,,
https://www.poorvika.com/,Computers & Tablets,Laptop,BRANDS,Dell,,,
https://www.poorvika.com/,Home Appliances,Fans,BRANDS,Atomberg,,,
https://www.ajio.com/,MEN,shoes,Category,Sneakers,Brands,ADIDAS,
https://www.ajio.com/,Women,Clothing,Category,Sarees,Brands,14FAB,
https://www.pothys.com/,WOMEN,Category,Palazzo,Fabric,Cotton,,
https://www.pothys.com/,PURE SILK SAREES,Category,Banaras sarees,Zari,german silver,,
https://bharathelectronics.in/,Brands,Shop Online,Large Appliance,Refrigerator,Category,Double Door,
https://bharathelectronics.in/,Brands,Shop Online,Sound System,Categories,Headset,,
https://www.reliancedigital.in/,CAMERAS,DSLR Cameras,Canon,,,,
https://www.reliancedigital.in/,HOME APPLIANCES,Dishwashers,Bosch,,,,
https://www.reliancedigital.in/,TELEVISIONS,Gaming Accessories,Brand,Sony,Game Genre,Action,
https://www.thechennaisilks.com/,Women,Long Gowns,Cyan,,,,
https://www.thechennaisilks.com/,Kids,Western Dresses,Navy,1 Year,Casual,,
https://thechennaimobiles.com/,Category,STABLIZER,V-guard,,,,
https://thechennaimobiles.com/,Category,Mobile & Tablet,Tablet,Storage,128GB,RAM,12GB
https://sriganapathysilks.com/,Sarees,Cotton Sarees,,,,,
https://sriganapathysilks.com/,MEN,Men Shirts,,,,,
https://www.shoppersstop.com/,WATCHES,Mens Watches,Digital,BRANDS,TIMEX,,
https://www.shoppersstop.com/,MEN,FOOTWEAR,FORMAL SHOES,BRANDS,EZOK,,
https://www.shoppersstop.com/,WOMEN,INDIAN WEAR,KURTAS,BRANDS,BIBA,,
https://www.shoppersstop.com/,MEN,SUNGLASSES & FRAMES,AVIATOR,BRANDS,BOLON,,
https://www.easybuyindia.com/,Style Zone ,Men,,,,,
https://www.maxfashion.in/in/en/,Women,Top wear,Type,Tees,Style,Casual,
https://www.maxfashion.in/in/en/,Women,Foot wear,Flip Flops,Style,Fashion,Size,37
https://www.maxfashion.in/in/en/,Men,Winterwear,Type,Hooded,Fabric ,Cotton,
https://www.lifestylestores.com/in/en/,Shoes & Bags,Women Accessories,Handbags,Color,Black,Type,Shoulder
https://www.lifestylestores.com/in/en/,GenZ,Men,Ethnic Wear,Type,Casual,Brand,Arrow
https://www.lifestylestores.com/in/en/,Men,Watches,Hybrid Watches,Brand,Casio,,
https://www.miniso.com/EN/Home,Product,digital products,Headphone,,,,
https://www.nike.com/in/,Men,Running,Athletics,,,,
https://styleunion.in/,NEW IN,Gender,Womens,Product type,Ethnic Sets,Fabric Type,Cotton
https://styleunion.in/,Kids,Product Type,T-Shirts,Fabric Type,Cotton Spandex,,
https://styleunion.in/,View All,Gender,Girls,Product Type,Frocks,,
https://www.giriasindia.com/home,"Mobiles,Laptops &Accessories",Type,Smartphones,Brand,Samsung,Ram Capacity,8GB
https://www.giriasindia.com/home,Washing Machines & Dishwasher,Type,Dish Washer,Brand,BOSCH,,
https://www.croma.com/,Menu,Phones & Wearables,Mobile Phones,iPhones,,,
https://www.croma.com/,Menu,Phones & Wearables,Mobile Phones,Flip and Flop Mobile Phones,,,
https://www.croma.com/,Menu,Home Appliances,Air Conditioners,5 Star Acs,,,
https://www.croma.com/,Menu,Computers & Tablets,Laptops,Gaming Laptops,,,
